[
  {
    "questionNumber": 1,
    "question": "Could you please share a bit about your personal and professional background? I'd also be interested to know what factors influenced your decision to pursue a career in Engineering?",
    "answer": "done speaking",
    "score": 0,
    "feedback": "The answer provided is not relevant or informative. It does not provide any insight into the candidate's skills, experience, or qualifications for the Software Engineer II, Houdini position. It's important to provide comprehensive and detailed responses during an interview."
  },
  {
    "questionNumber": 2,
    "question": "As a Software Engineer II, Houdini at DigitalFish, I can tell you that our engineering department plays a crucial role in our success. Could you provide an instance where you made a significant contribution to a project in this field?",
    "answer": "done speaking",
    "score": 1,
    "feedback": "The response provided is insufficient and does not provide any relevant information or context. It is unclear what task or question the response is referring to. Please provide a more detailed and comprehensive answer."
  },
  {
    "questionNumber": 3,
    "question": "As the Software Engineer II, Houdini at DigitalFish, I'd like you to highlight a particular experience from your professional background. Could you please elaborate on how you tackled a significant challenge in that role?",
    "answer": "done speaking",
    "score": 1,
    "feedback": "Your response lacks any content related to the question or task at hand. It's important to provide a comprehensive and detailed answer to properly evaluate it."
  },
  {
    "questionNumber": 4,
    "question": "Can you talk about a technical or managerial problem you've encountered in the field of Engineering?",
    "answer": "done speaking",
    "score": 1,
    "feedback": "The response provided does not answer or address any question or task. It is unclear what the answer is referring to. Please provide a clear and comprehensive response relevant to the task or question."
  },
  {
    "questionNumber": 5,
    "question": "As a Software Engineer II, Houdini at DigitalFish specializing in Future Opportunities, I'd like to know your thoughts on what you consider to be a crucial principle or concept in Engineering that every professional in this field should ideally have a strong grasp on?",
    "answer": "done speaking",
    "score": 1,
    "feedback": "The response provided is not sufficient or relevant to any known interview question. It's important to provide detailed, thoughtful answers when interviewing for a position."
  },
  {
    "questionNumber": 6,
    "question": "As a Software Engineer II, Houdini at DigitalFish focusing on future opportunities, I'm curious to know about your experiences in working with or leading a team in a project that had legal implications. Can you tell me more about that?",
    "answer": "done speaking",
    "score": 1,
    "feedback": "The given response is not relevant or informative in any context. As a Software Engineer II, Houdini, it's important to provide detailed, clear, and relevant information. The answer 'done speaking' doesn't provide any insight or value to the discussion."
  },
  {
    "questionNumber": 7,
    "question": "Can you share your experience in leading or collaborating with a team on a project that involved handling or managing data?",
    "answer": "done speaking",
    "score": 0,
    "feedback": "The response provided is not relevant or informative. It doesn't provide any insight into the candidate's skills, experience, or suitability for the role. Please provide a more detailed and relevant answer."
  },
  {
    "questionNumber": 8,
    "question": "As a Software Engineer II, Houdini at DigitalFish, I'd like to understand your knowledge about our company, DigitalFish. Can you also explain your interest in being a part of our team?",
    "answer": "done speaking",
    "score": 0,
    "feedback": "The response provided does not answer or address any question or task. It's unclear what the statement \"done speaking\" is referring to. Please provide a more detailed and relevant response."
  },
  {
    "questionNumber": 9,
    "question": "As the Future Opportunities Software Engineer II, Houdini at DigitalFish, I am interested in understanding how you envision your potential role in contributing towards the goals or mission of DigitalFish?",
    "answer": "done speaking",
    "score": 0,
    "feedback": "The answer provided does not address any aspect of the question or task at hand. It is unclear and does not provide any relevant information or insight. Please provide a more detailed and specific response."
  },
  {
    "questionNumber": 10,
    "question": "As a Software Engineer II specializing in Houdini at DigitalFish, I'm here to answer any queries you might have about the role or about the experience of working at DigitalFish. Do you have any questions you'd like me to address?",
    "answer": "end of chest",
    "score": 0,
    "feedback": "The answer provided is not relevant to the question asked. It does not show any understanding of the role or responsibilities of a Software Engineer II, Houdini. Please provide a response that shows your skills, experience, and understanding of the role."
  }
]