[
  {
    "title": "Intern - Micro Controller Developer",
    "description": "<p>Over 50,000 customers globally trust our end-to-end, cloud-driven networking solutions. They rely on our top-rated services and support to accelerate their digital transformation efforts and deliver unprecedented progress. With double-digit growth year over year, no provider is better positioned to deliver scalable outcomes than Extreme.</p><p>Inclusion is one of our core values and in our DNA. We are committed to fostering an inclusive workplace that embraces our differences and creates an atmosphere where all our employees thrive because of their differences, not in spite of them.</p><p>Become part of Something big with Extreme!  As a global networking leader, learn why there\u2019s no better time to join the Extreme team.</p><p><b>Microcontroller Developer Intern</b></p><p>Microcontroller Development Engineer Intern with a focus on system hardware control and monitoring. </p><p><u><b>Responsibilities:</b></u></p><p><span>\u00b7</span></p><span> <b>Software Development:</b>Design, develop, and maintain Linux-based software and applications.<p><span>\u00b7</span></p>\n<span> <b>Teamwork:</b>Work closely with senior hardware and software developers, to ensure successful project execution.<p><span>\u00b7</span></p>\n<span> <b>Debugging &amp; Optimization:</b>Improve performance and resolve software defects through debugging and optimization.<p><span>\u00b7</span></p>\n<span> <b>Automation:</b>Develop scripts and tools to streamline development and testing processes.<p><span>\u00b7</span></p>\n<span> <b>Code Reviews:</b>Participate in code reviews to ensure quality, maintainability, and adherence to standards.<p><span>\u00b7</span></p>\n<span> <b>Documentation:</b>Create and maintain technical documentation, including design documents, API documentation, and code comments.<p><u><b>Requirements</b></u></p>\n<p><span>\u00b7</span></p>\n<span> <b>Education: </b>In progressBachelor's or Master's degree in Computer Science, Electrical Engineering. <p><span>\u00b7</span></p>\n<span> <b>Programming Languages:</b>Proficiency in C in a real-time embedded environment, and Python/pytest test framework familiarity.<p><span>\u00b7</span></p>\n<span> <b>Linux &amp; Networking:</b>Knowledge of Linux and/or WSL development environments desired. <p><span>\u00b7</span></p>\n<span> <b>VScode (cortex debug)</b>: Familiarity desired.<p><span>\u00b7</span></p>\n<span> <b>Debugging Tools:</b>Hands-on experience with debugging and profiling tools.<p><span>\u00b7</span></p>\n<span> <b>Open-Source Practices:</b>Familiarity with open-source development practices and community collaboration.<p><span>\u00b7</span></p>\n<span> <b>AI/ML:</b>Knowledge of AI/ML data pipelines and model deployment, with a focus on edge computing and local inference.  <p><strong>Additional Information</strong></p> <p></p>\n<p>Extreme Networks, Inc. (<a class=\"postings-link\" href=\"https://nam05.safelinks.protection.outlook.com/?url=https%3A%2F%2Ffinance.yahoo.com%2Fquote%2Fextr%2F&amp;data=02%7C01%7Cchammer%40extremenetworks.com%7Cdbc7d899951945c863a108d824d4cb96%7Cfc8c2bf6914d4c1fb35246a9adb87030%7C0%7C0%7C637299843663696685&amp;sdata=%2F%2BzuQYjmcX%2FJ1iSuwA4LMFuISmxjL3XkZwIi3QtHHFE%3D&amp;reserved=0\">EXTR</a>) creates effortless networking experiences that enable all of us to advance. We push the boundaries of technology leveraging the powers of machine learning, artificial intelligence, analytics, and automation. Over 50,000 customers globally trust our end-to-end, cloud-driven networking solutions and rely on our top-rated services and support to accelerate their digital transformation efforts and deliver progress like never before. For more information, visit Extreme's<a class=\"postings-link\" href=\"https://nam05.safelinks.protection.outlook.com/?url=https%3A%2F%2Fextremenetworks.com%2F&amp;data=02%7C01%7Cchammer%40extremenetworks.com%7Cdbc7d899951945c863a108d824d4cb96%7Cfc8c2bf6914d4c1fb35246a9adb87030%7C0%7C0%7C637299843663701676&amp;sdata=3FvuNDMO14RDVbIwlilc0w3DmgjHfR94FwvhculeraI%3D&amp;reserved=0\">website</a>or follow us on Twitter, LinkedIn, and Facebook.</p>\n<p><i>We encourage people from underrepresented groups to apply. Come Advance with us! In keeping with our values, no employee or applicant will face discrimination/harassment based on: race, color, ancestry, national origin, religion, age, gender, marital domestic partner status, sexual orientation, gender identity, disability status, or veteran status. Above and beyond discrimination/harassment based on \u201cprotected categories,\u201d Extreme Networks also strives to prevent other, subtler forms of inappropriate behavior (e.g., stereotyping) from ever gaining a foothold in our organization. Whether blatant or hidden, barriers to success have no place at Extreme Networks.</i></p></span></span></span></span></span></span></span></span></span></span></span></span></span>",
    "main_category": "Engineering",
    "application_link": "https://empllo.com/jobs/view/extreme-networks-intern-micro-controller-developer-2544155",
    "pub_date": 1742967114,
    "expiry_date": 1745559114,
    "company_name": "Extreme Networks",
    "company_logo": "https://empllo.com/cdn-cgi/image/format=auto,fit=contain/https://assets.empllo.com/pa9b38ane9crbr1uztqykcu4acli",
    "job_type": "Full-Time",
    "work_model": "On-site",
    "seniority_level": "Junior",
    "min_salary": null,
    "max_salary": null,
    "locations": [
      "United States",
      "North America"
    ],
    "tags": [
      "community",
      "slack",
      "documentation",
      "technical writing",
      "Growth",
      "Open Source",
      "Analytics",
      "Data",
      "Branding",
      "NLP",
      "Cloud",
      "Robotics",
      "Ansible",
      "AppleScript",
      "PowerShell",
      "Programming",
      "Sys Admin",
      "Linux",
      "BASH",
      "Ubuntu",
      "C",
      "Networking",
      "Education",
      "Quality Assurance",
      "Testing",
      "Grafana",
      "QA",
      "Python",
      "Deep Learning",
      "Computer Vision",
      "Tensorflow",
      "Tensorflow",
      "PyTorch",
      "Machine Learning",
      "Laravel",
      "Meteor.js",
      "AI",
      "API",
      "REST",
      "Hardware",
      "Microsoft Office"
    ]
  },
  {
    "title": "Senior Full Stack Engineer",
    "description": "<p>PointClickCare is a leading North American healthcare technology platform enabling meaningful care collaboration and real\u2010time patient insights. For over 20 years, the company has been focused on realizing its vision: to help create a world in which providers and plans can confidently deliver frictionless care. Since its inception, PointClickCare has grown exponentially, with over 2,200 employees working to impact millions across North America. Recognized by Forbes as one of the top 100 private cloud companies and acknowledged by Waterstone Human Capital as Canada\u2019s Most Admired Corporate Cultures, PointClickCare leads the way in creating cloud-based healthcare software.</p><p>At PointClickCare, we offer a wealth of opportunities and a vibrant culture that empowers our employees. Our dynamic environment is the perfect place to advance your career while engaging in meaningful work alongside incredible colleagues. Here, you\u2019ll discover a space where your talents can thrive, your career can grow, and your work will have a lasting impact on healthcare across North America. We believe that work becomes profoundly fulfilling when driven by a higher purpose.</p><p>Join us and be part of a team that is making a real impact.</p><p>To learn more about us, check out <a href=\"https://pointclickcare.com/life-at-pointclickcare/\">Life at PointClickCare</a> and connect with us on <a href=\"https://www.glassdoor.ca/Overview/Working-at-PointClickCare-EI_IE452666.11,25.htm\">Glassdoor </a>and <a href=\"https://www.linkedin.com/company/pointclickcare/\">LinkedIn</a>.</p><p><b>Job title: Senior Software Engineer</b></p><p><b>What your day-to-day will look like:</b></p><p><span>\u00b7</span></p><span><span>Identify, prioritize and execute tasks in the software development life cycle<p><span>\u00b7</span></p>\n<span><span>Work with business to iterate over software requirements<p><span>\u00b7</span></p>\n<span><span>Develop tools and applications by producing clean, efficient code<p><span>\u00b7</span></p>\n<span><span>Automate tasks through appropriate tools and scripting<p><span>\u00b7</span></p>\n<span><span>Analyze and debug systems<p><span>\u00b7</span></p>\n<span><span>Perform validation and verification testing in a test-driven manner<p><span>\u00b7</span></p>\n<span><span>Review the work of others<span>,<span>and invite others to review your work<p><span>\u00b7</span></p>\n<span><span>Collaborate with internal teams and vendors to fix and improve products<p><span>\u00b7</span></p>\n<span><span>Ensure software is up-to-date with latest technologies<p><span></span></p>\n<p><b>What qualifications we\u2019re looking for:</b></p>\n<p><span>\u00b7</span></p>\n<span><b>Experience writing clean code that performs well at scale using Java</b><p><span>\u00b7</span></p>\n<span><b></b><b>In-depth knowledge of relational databases (e.g. Microsoft SQL Server</b><span>, MySQL)<p><span>\u00b7</span></p>\n<span><span>Solid experience writing RESTful API endpoints<p><span>\u00b7</span></p>\n<span><b>Experience with UI development and frameworks (e.g.</b><a class=\"postings-link\" href=\"http://vue.js/\"><b>Vue.js</b></a><b>,</b><b> React, Angular)</b><p><span>\u00b7</span></p>\n<span><span>Proficient in GIT<p><span>\u00b7</span></p>\n<span><span>Experience using system and performance monitoring tools (e.g. AppDynamics, New Relic, DataDog)<p><span>\u00b7</span></p>\n<span><span>Experience with automated testing frameworks (e.g. Selenium, Cypress, RestAssured)<p><span>\u00b7</span></p>\n<span><span>Excellent organization, critical-thinking and personal leadership skills<p><span>\u00b7</span></p>\n<span><span>Self-starter with the ability to deliver with minimal supervision<p><span>\u00b7</span></p>\n<span><span>Being okay with the uncomfortable feeling that comes from learning new things<p><span>\u00b7</span></p>\n<span><span>Team player<p><span>\u00b7</span></p>\n<span><span>Analytical mind with problem-solving aptitude<p><span>\u00b7</span></p>\n<span><b>Proven experience as a great Engineer</b><p><span>\u00b7</span></p>\n<span><span>BSc/BA in Computer Science or a related degree<p><b></b></p>\n<p><b>Bonus points for:</b></p>\n<p><span>\u00b7</span></p>\n<span><span>Experience with React<p><span>\u00b7</span></p>\n<span><span>Experience with Docker, Kubernetes and Istio<p><span>\u00b7</span></p>\n<span><span>Experience with Cypress, Selenium<p><span>\u00b7</span></p>\n<span><span>Experience with Ansible<p><span>\u00b7</span></p>\n<span><span>Experience with TDD<p><span>\u00b7</span></p>\n<span><span>Experience with Jenkins CI/CD pipeline<p><span>\u00b7</span></p>\n<span><span>Linux and IP networking knowledge<p><span>\u00b7</span></p>\n<span><span>Experience with AWS/<b>Azure cloud services</b><span> or equivalent <p><span>\u00b7</span></p>\n<span><span>Experience withSAML, OAuth and OpenID Connect<p><span>\u00b7</span></p>\n<span><b>Experience working on a SaaS product</b><p><span>\u00b7</span></p>\n<span><span>Experience with\u202fService Oriented Architecture<p><span>\u00b7</span></p>\n<span><span>Knowledge of scripting languages such as Python, Bash or Groovy<p><span>\u00b7</span></p>\n<span><span>On-call experience with production grade systems<p><span>\u00b7</span></p>\n<span><span>Has mentored others in a professional setting<p>#LI-AV1</p>\n<p>#LI-Hybrid</p> <p></p>\n<p><i>AtPointClickCare, base salary is one of the many components that make up our total rewards package.The CAD base salary rangefor this position is $139,000-150,000 (not overtime eligible) + bonus + equity + benefits. Our salary ranges are determined byjob and level. The range displayed on each job posting reflects the target for new hire salaries for the position across all CADlocations. Within the range, individual compensation is determined by job-related skills and knowledge, relevant experienceincluding professional and lived experience, and/or work location. Your recruiter can share more information about ourtotal rewards package during the hiring process.</i></p> <p><strong>Additional Information</strong></p> <p></p>\n<p><b>PointClickCare Benefits &amp; Perks:</b></p>\n<p><span>Benefits starting from Day 1!</span></p>\n<p><span>Retirement Plan Matching </span></p>\n<p><span>Flexible Paid Time Off</span></p>\n<p><span>Wellness Support Programs and Resources</span></p>\n<p><span>Parental &amp; Caregiver Leaves</span></p>\n<p><span>Fertility &amp; Adoption Support</span></p>\n<p><span>Continuous Development Support Program</span></p>\n<p><span>Employee Assistance Program </span></p>\n<p><span>Allyship and Inclusion Communities</span></p>\n<p><span>Employee Recognition \u2026 and more!</span></p>\n<p>It is the policy of PointClickCare to ensure equal employment opportunity without discrimination or harassment on the basis of race, religion, national origin, status, age, sex, sexual orientation, gender identity or expression, marital or domestic/civil partnership status, disability, veteran status, genetic information, or any other basis protected by law. PointClickCare welcomes and encourages applications from people with disabilities. Accommodations are available upon request for candidates taking part in all aspects of the selection process. Please contact recruitment@pointclickcare.com should you require any accommodations.</p>\n<p>When you apply for a position, your information is processed and stored with Lever, in accordance with <a class=\"postings-link\" href=\"https://www.lever.co/privacy-policy\">Lever\u2019s Privacy Policy</a>. We use this information to evaluate your candidacy for the posted position. We also store this information, and may use it in relation to future positions to which you apply, or which we believe may be relevant to you given your background. When we have no ongoing legitimate business need to process your information, we will either delete or anonymize it. If you have any questions about how PointClickCare uses or processes your information, or if you would like to ask to access, correct, or delete your information, please contact PointClickCare\u2019s human resources team: <a class=\"postings-link\" href=\"mailto:recruitment@pointclickcare.com\">recruitment@pointclickcare.com</a></p>\n<p>PointClickCare is committed to Information Security.  By applying to this position, if hired, you commit to following our information security policies and procedures and making every effort to secure confidential and/or sensitive information.</p></span></span></span></span></span></span></span></span></span></span></span></span></span></span></span></span></span></span></span></span></span></span></span></span></span></span></span></span></span></span></span></span></span></span></span></span></span></span></span></span></span></span></span></span></span></span></span></span></span></span></span></span></span></span></span></span></span></span></span></span></span></span></span></span></span></span></span></span></span></span></span></span></span>",
    "main_category": "Engineering",
    "application_link": "https://empllo.com/jobs/view/pointclickcare-senior-full-stack-engineer-2436332",
    "pub_date": 1742040599,
    "expiry_date": 1744632599,
    "company_name": "PointClickCare",
    "company_logo": "https://empllo.com/cdn-cgi/image/format=auto,fit=contain/https://assets.empllo.com/l1hut53iihdqit8wzmxtb4snlihz",
    "job_type": "Full-Time",
    "work_model": "Hybrid",
    "seniority_level": "Senior",
    "min_salary": null,
    "max_salary": null,
    "locations": [
      "Canada",
      "North America"
    ],
    "tags": [
      "slack",
      "github",
      ".net",
      "software architecture",
      "Jenkins",
      "talent acquisition",
      "Strategy",
      "Datadog",
      "UI Design",
      "Security",
      "Cybersecurity",
      "People Management",
      "Branding",
      "Full-Stack",
      "User Interface",
      "Javascript",
      "Javascript",
      "Angular.js",
      "Vue",
      "Telehealth",
      "Cloud",
      "Azure",
      "Cloud Infrastructure",
      "Groovy",
      "Java",
      "Legal",
      "Docker",
      "Ansible",
      "AppleScript",
      "Selenium",
      "Scripting",
      "PowerShell",
      "Programming",
      "People Operations",
      "HR",
      "Privacy",
      "Sys Admin",
      "Linux",
      "BASH",
      "Ubuntu",
      "AWS",
      "SaaS",
      "Visual Basic",
      "UI",
      "Networking",
      "SQL",
      "MySQL",
      "Quality Assurance",
      "Testing",
      "Grafana",
      "Cypress",
      "QA",
      "Python",
      "Kubernetes",
      "React.js",
      "Redux",
      "Information Security",
      "Frontend Development",
      "Content Writing",
      "Recruitment",
      "DBA",
      "Automated Testing",
      "API",
      "REST",
      "Payroll",
      "CI/CD",
      "Microsoft Azure",
      "Git",
      "Infrastructure as Code"
    ]
  },
  {
    "title": "Information Security Engineer",
    "description": "<p><b><span>A World-Changing Company</span></b></p><p>Palantir builds the world\u2019s leading software for data-driven decisions and operations. By bringing the right data to the people who need it, our platforms empower our partners to develop lifesaving drugs, forecast supply chain disruptions, locate missing children, and more.</p><p><b>The Role</b></p><p>As an Information Security Engineer, you are responsible for the security of Palantir\u2019s people and infrastructure around the globe. Your technical expertise is second only to your integrity and real passion for security and technology in general. Our ideal candidate works well on a team, is highly motivated, and enjoys solving problems and taking on new challenges.</p><p>In this role, you\u2019ll be the first line of defense for protecting Palantir. Your team is responsible for the 24/7 prevention, detection, and investigation of security events and active attacks across our entire infrastructure. Your work will directly impact the success of Palantir's mission as you seek to make it challenging for our adversaries and protect our global network.</p> <p><strong>Core Responsibilities</strong></p> <p></p><li>Build, run, and own infrastructure and automation to detect, contain, and eradicate security threats.</li><li>Develop alerting and detection strategies to identify malicious or anomalous behavior.</li><li>Develop new and novel defensive techniques to identify or counteract changes in adversary techniques and tactics.</li><li>Dissect network, host, memory, and other artifacts originating from multiple operating systems and applications.</li><li>Investigate enterprise-wide operations to uncover sophisticated and undetected threats.</li><li>Partner closely with other members of the Information Security team to lead changes in the company's network defense posture.</li> <p><strong>What We Value</strong></p> <p></p><li>Broad exposure to multiple security subject areas, including a strong background in forensics or threat intelligence.</li><li>Deep exposure in Incident Response or Detection Engineering.</li><li>Desire to further the information security community through substantive contributions (e.g. conference talks, blog posts, public tool development, etc.).</li><li>Strong working knowledge of TCP/IP networking and common protocols.</li> <p><strong>What We Require</strong></p> <p></p><li>Extensive security experience (3+ years) in at least one major platform (e.g. AWS, Azure, Windows, OS X, Linux, etc.).</li><li>Proficiency in Python (preferred), PowerShell, or similar.</li><li>Active TS/SCI security clearance or eligibility to obtain a security clearance.</li>  <p><strong>Additional Information</strong></p> <p></p><p><b>Salary</b></p><p>The estimated salary range for this position is estimated to be$135,000 - $200,000/year. Total compensation for this position may also include Restricted Stock units, sign-on bonus and other potential future incentives. Further note that total compensation for this position will be determined by each individual\u2019s relevant qualifications, work experience, skills, and other factors. This estimate excludes the value of any potential sign-on bonus; the value of any benefits offered; and the potential future value of any long-term incentives.</p><p>Our benefits aim to promote health and wellbeing across all areas of Palantirians\u2019 lives. We work to continuously improve our offerings and listen to our community as we design and update them. The list below details our available benefits and some of the perks that can be enjoyed as an employee of Palantir Technologies.</p><p><b><span>Benefits</span></b></p><p>\u2022 Employees (and their eligible dependents) can enroll in medical, dental, and vision insurance as well as voluntary life insurance</p><p>\u2022 Employees are automatically covered by Palantir\u2019s basic life, AD&amp;D and disability insurance</p><p>\u2022 Commuter benefits</p><p>\u2022 Relocation assistance</p><p>\u2022 Take what you need paid time off, not accrual based</p><p>\u2022 2 weeks paid time off built into the end of each year (subject to team and business needs)</p><p>\u2022 10 paid holidays throughout the calendar year</p><p>\u2022 Supportive leave of absence program including time off for military service and medical events</p><p>\u2022 Paid leave for new parents and subsidized back-up care for all parents</p><p>\u2022 Fertility and family building benefits including but not limited to adoption, surrogacy, and preservation</p><p>\u2022 Stipend to help with expenses that come with a new child</p><p>\u2022 Employees can enroll in Palantir\u2019s 401k plan</p><p><b><span>Life at Palantir</span></b></p><p>We want every Palantirian to achieve their best outcomes, that\u2019s why we celebrate individuals\u2019 strengths, skills, and interests, from your first interview to your longterm growth, rather than rely on traditional career ladders. Paying attention to the needs of our community enables us to optimize our opportunities to grow and helps ensure many pathways to success at Palantir. Promoting health and well-being across all areas of Palantirians\u2019 lives is just one of the ways we\u2019re investing in our community. Learn more at <a href=\"https://www.palantir.com/careers/life-at-palantir/\">Life at Palantir</a> and note that our offerings may vary by region.</p><p>In keeping consistent with Palantir\u2019s values and culture, we believe employees are \u201cbetter together\u201d and in-person work affords the opportunity for more creative outcomes. Therefore, we encourage employees to work from our offices to foster connectivity and innovation. Many teams do offer hybrid options (WFH a day or two a week), allowing our employees to strike the right trade-off for their personal productivity. Based on business need, there are a few roles that allow for \u201cRemote\u201d work on an exceptional basis. If you are applying for one of these roles, you must work from the state in which you are employed. If the posting is specified as Onsite, you are required to work from an office.</p><p>If you want to empower the world's most important institutions, you belong here. Palantir values excellence regardless of background. We are proud to be an Equal Opportunity Employer for all, including but not limited to Veterans and those with disabilities. Palantir is committed to making the application and hiring process accessible to everyone and will provide a reasonable accommodation for those living with a disability. If you need an accommodation for the application or hiring process<i>, </i>please <a href=\"mailto:accommodations@palantir.com\">reach out</a> and let us know how we can help.</p>",
    "main_category": "Engineering",
    "application_link": "https://empllo.com/jobs/view/palantir-technologies-information-security-engineer-2391962",
    "pub_date": 1740960616,
    "expiry_date": 1743552616,
    "company_name": "Palantir Technologies",
    "company_logo": "https://empllo.com/cdn-cgi/image/format=auto,fit=contain/https://assets.empllo.com/r6eu9i8jftkzbt14ly71v39nz1ug",
    "job_type": "Full-Time",
    "work_model": "Hybrid",
    "seniority_level": "Mid",
    "min_salary": 140000,
    "max_salary": 200000,
    "locations": [
      "United States",
      "North America"
    ],
    "tags": [
      "community",
      "talent acquisition",
      "Growth",
      "Strategy",
      "Site Reliability",
      "Data",
      "Security",
      "Cybersecurity",
      "Branding",
      "Cloud",
      "Azure",
      "Cloud Infrastructure",
      "Business Operations",
      "Robotics",
      "Ansible",
      "AppleScript",
      "Scripting",
      "PowerShell",
      "Sys Admin",
      "Linux",
      "BASH",
      "Ubuntu",
      "AWS",
      "Windows",
      "Telecom",
      "Networking",
      "Python",
      "Insurance",
      "Information Security",
      "Recruitment",
      "Payroll",
      "Microsoft Azure"
    ]
  },
  {
    "title": "Principal Software Engineer",
    "description": "<p>Have you ever wanted to be a thought leader in defining the technical future of a large-scale SaaS platform? Are you passionate about solving formidable engineering challenges and pushing the scalability and reliability of a production system to the max? Would you be excited to work on projects that bring tangible benefits to healthcare of millions?</p><p>PointClickCare is searching for a <b>Principal Software Engineer </b>who will champion technical excellence across empowered Scrum teams, bring deep understanding of the full stack across a complex system, dive into unchartered technical territory and plot course through reefs of platform improvements.</p><p><b>What your day-to-day will look like:</b></p><p>Reporting to a senior engineering manager \u2013 focus on helping several teams through toughest projects on a data-driven product.</p><p>Collaborate with engineers, architects, product owners and external teams to deliver software design that meets business and engineering objectives.</p><p>Mentor engineering teams in best practices through collaboration, root cause analysis and code reviews.</p><p>Unblock teams through implementation and troubleshooting.</p><p>Champion high quality software through automation, rigorous test planning and sophisticated monitoring systems.</p><p>Promote best practices and learning across the engineering department.</p><p>Analyze and debug complex systems.</p><p>Participate in backlog refinement and lead design sessions.</p><p>Ensure software is up to date with latest technologies.</p><p>Identify and advocate for improvements in our systems.</p><p>Provide innovative solutions, prototype where needed.</p><p><b>What qualifications we\u2019re looking for:</b></p><p>Team player who builds strong working relationship with peers and stakeholders.</p><p>Self-starter who prioritizes effectively and delivers despite complexity.</p><p>Leader who promotes courageous innovative discussion where multiple viewpoints are heard.</p><p>Software master with proven experience of mentoring others in their craft.</p><p><b>Extensive experience with multiple technical languages, ecosystems and platforms.</b></p><p>Experience working in an Agile software development environment.</p><p><b>10 plus years' experience with Java, Spring Boot and writing RESTful API endpoints.</b></p><p>Cloud experience (Azure or AWS).</p><p>Experience with Docker and Kubernetes.</p><p>Knowledge of relational databases (e.g. MySQL, PostgreSQL).</p><p>Excellent software testing skills.</p><p>Knows how to build security into a system and mentor others to do the same.</p><p>Experience with microservices.</p><p>Experience using system and performance monitoring tools (e.g. Splunk, Grafana, Prometheus, DataDog).</p><p>Excellent organizational, critical-thinking and personal leadership skills.</p><p>Eager to learn and share knowledge that drives the team forward.</p><p><b>Can lead implementation discussions with other team members.</b></p><p>Effective at determining the underlying causes of bugs and addressing systemic issues that lead to them.</p><p>Analytical mind with problem-solving aptitude.</p><p>BSc/BA in Computer Science or a related degree.</p><p><b>Bonus points for:</b></p><p>Stream processing experience.</p><p>Knowledge of non-relational / NoSQL data stores (e.g. Azure ADLS).</p><p>Experience with automated testing frameworks (e.g. JBehave, Selenium).</p><p>Experience with CI/CD pipeline.</p><p>Linux and IP networking knowledge.</p><p>#LI-AV1</p><p>#LI-remote </p> <p></p><p><span>AtPointClickCare, base salary is one of the many components that make up our total rewards package.The US base salary rangefor this position is $162,900 - $181,000 + bonus + benefits, non-overtime eligible. Our salary ranges are determined byjob and level. The range displayed on each job posting reflects the target for new hire salaries for the position across all US locations. Within the range, individual compensation is determined by job-related skills and knowledge, relevant experienceincluding professional and lived experience, and/or work location. Your recruiter can share more information about ourtotal rewards package during the hiring process.</span></p>",
    "main_category": "Engineering",
    "application_link": "https://empllo.com/jobs/view/pointclickcare-principal-software-engineer-2566011",
    "pub_date": 1743260724,
    "expiry_date": 1745852724,
    "company_name": "PointClickCare",
    "company_logo": "https://empllo.com/cdn-cgi/image/format=auto,fit=contain/https://assets.empllo.com/l1hut53iihdqit8wzmxtb4snlihz",
    "job_type": "Full-Time",
    "work_model": "Remote",
    "seniority_level": "Director",
    "min_salary": 170000,
    "max_salary": 190000,
    "locations": [
      "United States",
      "North America"
    ],
    "tags": [
      "slack",
      "talent acquisition",
      "Strategy",
      "Datadog",
      "Data",
      "Security",
      "People Management",
      "Branding",
      "Full-Stack",
      "Telehealth",
      "Cloud",
      "Azure",
      "Cloud Infrastructure",
      "Java",
      "Docker",
      "Robotics",
      "Ansible",
      "AppleScript",
      "Selenium",
      "PowerShell",
      "Technical Support",
      "Programming",
      "Sys Admin",
      "Linux",
      "BASH",
      "Ubuntu",
      "AWS",
      "SaaS",
      "Agile Development",
      "Networking",
      "PostgreSQL",
      "MongoDB",
      "SQL",
      "NoSQL",
      "MySQL",
      "Postgres",
      "Quality Assurance",
      "Testing",
      "Grafana",
      "QA",
      "Prometheus",
      "Kubernetes",
      "Microservices",
      "Distributed Systems",
      "Mentoring",
      "Content Writing",
      "Scrum",
      "Agile",
      "Recruitment",
      "Implementation",
      "Automated Testing",
      "API",
      "REST",
      "Payroll",
      "CI/CD",
      "Microsoft Azure"
    ]
  },
  {
    "title": "Manager, Site Reliability Engineering",
    "description": "<div id=\"content\" class=\"\">     <div class=\"content-intro\"> <p><strong>About Zscaler</strong></p> <p>Serving thousands of enterprise customers around the world including 40% of Fortune 500 companies, Zscaler (NASDAQ: ZS) was founded in 2007 with a mission to make the cloud a safe place to do business and a more enjoyable experience for enterprise users. As the operator of the world\u2019s largest security cloud, Zscaler accelerates digital transformation so enterprises can be more agile, efficient, resilient, and secure. The pioneering, AI-powered Zscaler Zero Trust Exchange\u2122 platform, which is found in our SASE and SSE offerings, protects thousands of enterprise customers from cyberattacks and data loss by securely connecting users, devices, and applications in any location.</p> <p>Named a Best Workplace in Technology by Fortune and others, Zscaler fosters an inclusive and supportive culture that is home to some of the brightest minds in the industry. If you thrive in an environment that is fast-paced and collaborative, and you are passionate about building and innovating for the greater good, come make your next move with Zscaler.\u00a0</p> </p>      <p>Our Engineering team built the world\u2019s largest cloud security platform from the ground up, and we keep building. With more than 100 patents and big plans for enhancing services and increasing our global footprint, the team has made us and our multitenant architecture today's cloud security leader, with more than 15 million users in 185 countries. Bring your vision and passion to our team of cloud architects, software engineers, security experts, and more who are enabling organizations worldwide to harness speed and agility with a cloud-first strategy.</p> <p>We\u2019re looking for an experienced Manager, Site Reliability Engineering (Federal) to lead our ZPA team. This role requires Secret Security Clearance that you must maintain throughout employment. An Information Assurance Technician Level 2 Certification is also required, but you can obtain this certification within your first few weeks of employment. Reporting to the Senior Manager, SRE, you will:</p> <ul> <li>Lead and mentor a team of SREs responsible for the operational health of Federal cloud products, including deployments, on-call operations, and incident resolution</li> <li>Define strategies to improve scalability, reliability, and performance of cloud infrastructure in compliance with FedRAMP/IL6 standards</li> <li>Oversee automated management of AWS and private cloud environments to drive operational efficiency</li> <li>Establish documentation, incident prevention processes, and alignment with best practices for escalation and DevOps</li> <li>Collaborate cross-functionally with Engineering, Security, and Compliance teams to meet SLA requirements</li> </ul> <strong><strong>What We're Looking For (Minimum Qualifications)</strong></strong> <ul> <li>7+ years of relevant experience, including 2+ years of managerial or team leadership experience in SRE, DevOps, or similar roles within regulated frameworks.</li> <li>Deep understanding of FedRAMP authorization levels and experience implementing vulnerability management programs</li> <li>Proficiency in Linux administration, infrastructure automation tools (e.g., Terraform, Ansible), and software like Python</li> <li>Strong expertise in container-based architectures (e.g., AWS ECS, Kubernetes), cloud services, and networking protocols (e.g., DNS, SSL)</li> <li>U.S. citizenship is required for this position due to the nature of the customers assigned to this role.</li> </ul> <strong><strong>What Will Make You Stand Out (Preferred Qualifications)</strong></strong> <ul> <li>Experience scaling and automating operations for FedRAMP environments</li> <li>Advanced expertise with AWS and infrastructure-as-code tools</li> <li>Information Assurance Technician Level 2 certification</li> </ul> <p>#LI-Hybrid</p> <p>#LI-YC2</p>      <div class=\"content-pay-transparency\"><div class=\"pay-input\"> <div class=\"description\"> <p>Zscaler\u2019s salary ranges are benchmarked and are determined by role and level. The range displayed on each job posting reflects the minimum and maximum target for new hire salaries for the position across all US locations and could be higher or lower based on a multitude of factors, including job-related skills, experience, and relevant education or training.</p> <p>The base salary range listed for this full-time position excludes commission/ bonus/ equity (if applicable) + benefits.</p> </p> <div class=\"title\">Base Pay Range</p> <div class=\"pay-range\"> <p>$136,500</p><span class=\"divider\">\u2014</p><p>$195,000 USD</p> </p> </p></p>      <div class=\"content-conclusion\"> <p data-pm-slice=\"1 3 []\">At Zscaler, we believe that diversity drives innovation, productivity, and success. We are looking for individuals from all backgrounds and identities to join our team and contribute to our mission to make doing business seamless and secure. We are guided by these principles as we create a representative and impactful team, and a culture where everyone belongs. For more information on our commitments to Diversity, Equity, Inclusion, and Belonging, visit the<a href=\"https://www.zscaler.com/corporate-responsibility/social#diversity--equity--and-inclusion\" target=\"_blank\"> Corporate Responsibility page</a> of our website.</p> <p>Our Benefits program is one of the most important ways we support our employees. Zscaler proudly offers comprehensive and inclusive benefits to meet the diverse needs of our employees and their families throughout their life stages, including:</p> <div class=\"has-nudge\" data-nudge-id=\"5eb9419b-6a4d-4451-bfa6-e2eb96084be0\"> <ul> <li>Various health plans</li> <li>Time off plans for vacation and sick time</li> <li>Parental leave options</li> <li>Retirement options</li> <li>Education reimbursement</li> <li>In-office perks, and more!</li> </ul> </p> <p>By applying for this role, you adhere to applicable laws, regulations, and Zscaler policies, including those related to security and privacy standards and guidelines.</p> <p>Zscaler is proud to be an equal opportunity and affirmative action employer. We celebrate diversity and are committed to creating an inclusive environment for all of our employees. All qualified applicants will receive consideration for employment without regard to race, color, religion, sex (including pregnancy or related medical conditions), age, national origin, sexual orientation, gender identity or expression, genetic information, disability status, protected veteran status or any other characteristics protected by federal, state, or local laws.</p> <p><em>See more information by clicking on the </em><a href=\"https://www.eeoc.gov/sites/default/files/2023-06/22-088_EEOC_KnowYourRights6.12ScreenRdr.pdf\"><em>Know Your Rights: Workplace Discrimination is Illegal </em></a><em>link.</em></p> <p><em>Pay Transparency</em></p> <p><em>Zscaler complies with all applicable federal, state, and local pay transparency rules. For additional information about the federal requirements, </em><a href=\"https://www.dol.gov/sites/dolgov/files/OFCCP/pdf/pay-transp_%20English_formattedESQA508c.pdf\"><em>click here</em></a><em>.</em></p> <p>Zscaler is committed to providing reasonable support (called accommodations or adjustments) in our recruiting processes for candidates who are differently abled, have long term conditions, mental health conditions or sincerely held religious beliefs, or who are neurodivergent or require pregnancy-related support.</p> </p> </p>",
    "main_category": "Engineering",
    "application_link": "https://empllo.com/jobs/view/zscaler-manager-site-reliability-engineering-2552419",
    "pub_date": 1743066593,
    "expiry_date": 1745658593,
    "company_name": "Zscaler",
    "company_logo": "https://empllo.com/cdn-cgi/image/format=auto,fit=contain/https://assets.empllo.com/jn4nf7zmcqyw2k90u9pldhzivcvj",
    "job_type": "Full-Time",
    "work_model": "On-site",
    "seniority_level": "Senior",
    "min_salary": 140000,
    "max_salary": 200000,
    "locations": [
      "United States",
      "North America"
    ],
    "tags": [
      "risk management",
      "documentation",
      "technical writing",
      "software architecture",
      "talent acquisition",
      "Strategy",
      "Site Reliability",
      "Data",
      "Security",
      "People Management",
      "Branding",
      "Javascript",
      "Cloud",
      "Cloud Infrastructure",
      "Travel",
      "Business Operations",
      "Compliance",
      "Docker",
      "Robotics",
      "Ansible",
      "AppleScript",
      "Terraform",
      "PowerShell",
      "Privacy",
      "Sys Admin",
      "Linux",
      "BASH",
      "Ubuntu",
      "AWS",
      "Networking",
      "Education",
      "Python",
      "Kubernetes",
      "Deep Learning",
      "ECS",
      "Cloud Security",
      "Onboarding",
      "Admin",
      "Scrum",
      "Agile",
      "AI",
      "Payroll",
      "Infrastructure as Code"
    ]
  },
  {
    "title": "Technical Support Engineer L2 (Endpoint Security)",
    "description": "<p><b>About Us</b></p><p><span>Sophos is a global leader and innovator of advanced security solutions for defeating cyberattacks. The company acquired Secureworks in February 2025, bringing together two pioneers that have redefined the cybersecurity industry with their innovative, native AI-optimized services, technologies and products. Sophos is now the largest pure-play Managed Detection and Response (MDR) provider, supporting more than 28,000 organizations. In addition to MDR and other services, Sophos\u2019 complete portfolio includes industry-leading endpoint, network, email, and cloud security that interoperate and adapt to defend through the Sophos Central platform. Secureworks provides the innovative, market-leading Taegis XDR/MDR, identity threat detection and response (ITDR), next-gen SIEM capabilities, managed risk, and a comprehensive set of advisory services. Sophos sells all these solutions through reseller partners, Managed Service Providers (MSPs) and Managed Security Service Providers (MSSPs) worldwide, defending more than 600,000 organizations worldwide from phishing, ransomware, data theft, other every day and state-sponsored cybercrimes. The solutions are powered by historical and real-time threat intelligence from Sophos X-Ops and the newly added Counter Threat Unit (CTU). Sophos is headquartered in Oxford, U.K. More information is available at </span></p><a href=\"http://www.sophos.com\">www.sophos.com</a>.<p><b>Role Summary</b></p><p><span>As a Technical Support Engineer L2 (Endpoint Security), you will work closely with product management and engineering to help our customers. The role will be the focal point for our customers in terms of support and will be an integral part of a global team that continues to innovate the product.</span></p><p><span></span></p><p><span>The ideal candidate will have strong troubleshooting skills, be driven to help customers, and able to dive deep into a new product and learn it inside and out.</span></p> <p><strong>What You Will Do</strong></p> <p></p><li>Work and resolve incidents and escalations for both internal and external customers.</li><li>Perform training through hands on demonstrations, technical documentation, and recorded videos. Serve as a mentor when needed.</li><li>Collaborate with development and product management teams on shared objectives and product road maps.</li><li>Respond and communicate with the customer through various channels of communication (email, phone, chat)</li><li>Create technical documents and knowledge base articles</li><li>Document customer issues</li><li>Adhere to SLAs and strive to deliver excellent customer service</li><li>Ability to be empathetic, accurate, compassionate, responsive, resourceful, and conscientious</li><li>Convey technical jargon in a wide-array of syntax from beginner level users to developers in our tickets as well as knowledge base articles</li><li>Maintain excellent organizational, written and oral communication skills</li><li>Possess a strong sense of urgency</li> <p><strong>What You Will Bring</strong></p> <p></p><li><b>Essential</b></li><li>Fluency in Japanese</li><li>Business English language skills</li><li>1 or more years of Experience with UNIX/Linux system administration</li><li>1 or more years of Experience working with Endpoint and Network Security solutions</li><li>1 or more years of Experience supporting Cloud-based solutions and integrations (AWS, Azure, GCP, OCI)</li><li>Software technical support experience</li><p><b>Desirable </b></p><li>Ability to drive automation projects.</li><li>Good scripting knowledge.</li><li>Familiarity with administration processes in a variety of operating systems, such as Linux/Unix, Microsoft Windows.</li><li>Excellent problem-solving skills and keen ability to diagnose and troubleshoot technical issues. Well-spoken and articulate with an attention to detail with excellent writing abilities.</li><li>Generally familiar with scripting/programming: Examples include Python, PHP, Perl, SQL.</li><li>Foundational understanding of intrusion detection, firewall operations, and other general security      practices.</li><li>Intermediate level of networking expertise with understanding of networking fundamentals and well-known      protocols/services including GRE, TCP/IP.</li><li>Basic understanding of Unix or Linux operating systems including, but not limited to: Navigating the file system; Managing processes; Obtaining system statistics such as CPU, memory, disk, network interface utilization from the command line; Identifying potential problems from system logs</li><li>Solid understanding of computer network fundamentals including address resolution protocol, routing, network address translation, virtual private networks, and the OSI model.</li><li>Demonstrate ability to troubleshoot endpoint detection and response systems.</li>  <p><strong>Additional Information</strong></p> <p></p><p>#LI-Remote</p><p>#JE</p><p>#B1</p><p><b>Ready to Join Us?</b></p><p>At Sophos, we believe in the power of diverse perspectives to fuel innovation. Research shows that candidates sometimes hesitate to apply if they don't check every box in a job description. We challenge that notion. Your unique experiences and skills might be exactly what we need to enhance our team. Don't let a checklist hold you back \u2013we encourage you to apply.</p><p><b>What's Great About Sophos?</b></p><p>\u00b7 Sophos operates a remote-first working model, making remote work the primary option for most employees.          However, some roles may necessitate a hybrid approach. Please refer to the location details in our job postings for further information.</p><p>\u00b7 Our people \u2013 we innovate and create, all of which are accompanied by a great sense of fun and team spirit</p><p>\u00b7 Employee-led diversity and inclusion networks that build community and provide education and advocacy</p><p>\u00b7 Annual charity and fundraising initiatives and volunteer days for employees to support local communities</p><p>\u00b7 Global employee sustainability initiatives to reduce our environmental footprint</p><p>\u00b7 Global fitness and trivia competitions to keep our bodies and minds sharp</p><p>\u00b7 Global wellbeing days for employees to relax and recharge</p><p>\u00b7 Monthly wellbeing webinars and training to support employee health and wellbeing</p><p><b>Our Commitment To You</b></p><p>We\u2019re proud of the diverse and inclusive environment we have at Sophos, and we\u2019re committed to ensuring equality of opportunity. We believe that diversity, combined with excellence, builds a better Sophos, so we encourage applicants who can contribute to the diversity of our team. All applicants will be treated in a fair and equal manner and in accordance with the law regardless of gender, sex, gender reassignment, marital status, race, religion or belief, color, age, military veteran status, disability, pregnancy, maternity or sexual orientation. We want to give you every opportunity to show us your best self, so if there are any adjustments we could make to the recruitment and selection process to support you, please let us know.</p><p><b>Data Protection</b></p><p>If you choose to explore an opportunity, and subsequently share your CV or other personal details with Sophos, these details will be held by Sophos for 12 months in accordance with our Privacy Policy and used by our recruitment team to contact you regarding this or other relevant opportunities at Sophos. If you would like Sophos to delete or update your details at any time, please follow the steps set out in the Privacy Policy describing your individual rights. For more information on Sophos\u2019 data protection practices, please consult our Privacy Policy <a href=\"https://www.sophos.com/en-us/legal/sophos-global-job-candidate-privacy-notice#:~:text=the%20right%20to%20ask%20us,your%20consent%20at%20any%20time.\">Cybersecurity as a Service Delivered | Sophos</a></p>",
    "main_category": "Engineering",
    "application_link": "https://empllo.com/jobs/view/sophos-technical-support-engineer-l2-endpoint-security-2549760",
    "pub_date": 1742975213,
    "expiry_date": 1745567213,
    "company_name": "Sophos",
    "company_logo": "https://empllo.com/cdn-cgi/image/format=auto,fit=contain/https://assets.empllo.com/9jxtkh8msw5cmj4xgtg9jyh9ovz8",
    "job_type": "Full-Time",
    "work_model": "Remote",
    "seniority_level": "Mid",
    "min_salary": null,
    "max_salary": null,
    "locations": [
      "Asia",
      "Japan"
    ],
    "tags": [
      "communication",
      "community",
      "slack",
      "risk management",
      "documentation",
      "technical writing",
      "data security",
      ".net",
      "customer support",
      "product development",
      "Strategy",
      "Data",
      "Consulting",
      "Security",
      "Cybersecurity",
      "Branding",
      "Javascript",
      "Linguistics",
      "Cloud",
      "Azure",
      "Cloud Infrastructure",
      "Business Operations",
      "Support",
      "Compliance",
      "Legal",
      "Robotics",
      "Ansible",
      "AppleScript",
      "Scripting",
      "PowerShell",
      "Technical Support",
      "Programming",
      "HR",
      "Privacy",
      "Sys Admin",
      "Linux",
      "BASH",
      "Ubuntu",
      "AWS",
      "Visual Basic",
      "Windows",
      "Product Strategy",
      "Telecom",
      "Networking",
      "SQL",
      "Education",
      "Risk",
      "Python",
      "Customer Service",
      "GCP",
      "Google Cloud",
      "Deep Learning",
      "Cloud Security",
      "Onboarding",
      "PHP",
      "Drupal",
      "Laravel",
      "Admin",
      "Content Writing",
      "Recruitment",
      "DBA",
      "Notion",
      "AI",
      "Research",
      "Perl",
      "Stats",
      "Statistics",
      "Microsoft Azure",
      "Customer Experience"
    ]
  },
  {
    "title": "Java Technical Support Engineer",
    "description": "<p><span>Sonatype is the software supply chain management company that invented componentized software development and pioneered the software supply chain category. As leaders in the open-source community and the DevSecOps industry, we run the world\u2019s largest repository of Java open-source components\u2014Maven Central.</span></p><p><span>Our groundbreaking, full-spectrum platform empowers customers to rapidly create, deploy, and maintain innovative software at scale, all while aligning directly to their business needs. Trusted by more than 2,000 organizations\u2014including 70% of the Fortune 100\u2014and over 15 million software developers, Sonatype\u2019s tools and guidance help deliver exceptional, secure software.</span></p><p><span>From inventing modern artifact management with Nexus Repository to introducing the world\u2019s only solution that halts malicious open-source malware in its tracks, we\u2019re committed to constant innovation. We leverage AI/ML to give our clients, developers, and the industry complete confidence in the quality, automation, and security of their software. Learn more at </span></p><a rel=\"noopener noreferrer\" class=\"postings-link\" href=\"http://www.sonatype.com\">www.sonatype.com</a> <p><strong>What you'll do:</strong></p> <p></p><li>Debug, and troubleshoot incidents with Sonatype products and solutions</li><li>Reproduce defects and file actionable issues for product engineeringReplicate customer deployment environments for testing (docker, AWS, Azure, Kubernetes, and more)</li><li>Represent Technical Support and customer interests in Engineering and Product Management discussions</li><li>Assist product management in developing and prioritizing enhancement listsSummarize, communicate, and escalate customer experiences to managementContribute to and maintain our Knowledge Base</li><li>Contribute to our diagnostic tools and utilities, and create new ones</li><li>Respond to customer inquiries via support cases, email, chat, and phone</li> <p><strong>Who you are</strong></p> <p></p><li>3+ years experience supporting complex enterprise software solutions</li><li>Ability to read and understand Java code</li><li>Experience with Rest APIs</li><li>Experience with testing and/or development of Java based web applications</li><li>Experience with SQL databases (PostgreSQL is a plus).</li><li>Experience with networking (Sockets, HTTP, LDAP, proxies/firewalls, SSL)</li><li>Experience with scripting languages (Python, Bash, Groovy, etc.)</li><li>Familiarity with Linux command line tools</li><li>Experience with 1 or more application servers (e.g. Tomcat, Apache, IIS, NGINX etc.)</li><li>Exceptional communication skills - written and verbal</li><li>Very good problem solver with experience interacting with internal/external clients on technical challenges</li> <p><strong>Ideal to bring</strong></p> <p></p><li>SCM and CI/CD and associated tools (Jenkins, Bamboo, etc.)</li><li>Debugging certificate-based mutual TLS and SSL authentication</li><li>Experience analyzing network traces using tools such as wireshark or tcpdump</li><li>Component management build tools (Ant, Maven, npm, NuGet etc.)</li><li>Container technologies (Docker, Kubernetes, etc.)</li><li>SQL and databases (H2 and Postgres in particular)</li><li>Sonatype, jFrog, Snyk, Whitesource or similar products</li><li>Software development (JAVA in particular) LDAP and SAML</li><li>Deployment/Configuration of Cloud platforms such AWS, Azure and GCP</li> <p><strong>What we're proud of</strong></p> <p></p><li>2025 DEVIES Award to our SBOM Manager new product for its innovation and impact in developer technology</li><li>2024 Industry Leader in Forrester-Wave for Software Composition Analysis (2024 Q4 report)</li><li>2023 Fast Company Best Places for Innovators</li><li>2023 Gartner's Magic Quadrant</li><li>2023 Software Report's Top 100 Software Companies</li><li>2023 BuiltIn Best Places to Work</li><li>2022 Frost &amp; Sullivan Technology Innovation Leader Award</li><li>2022 PeerSpot Silver Peer Award in Software Composition Analysis</li><li>2022 Tech Ascension Best DevOps Security Solution Award</li><li>2022 NVCT Cyber Company of the Year</li><li>Company Wellness Week - We shut down company operations for a week to enable all employees to pursue personal growth and enjoy a much-needed and deserved rest.</li><li>Paid Volunteer Time Off (VTO)</li>  <p><strong>Additional Information</strong></p> <p></p><p><span>At Sonatype, we value diversity and inclusivity. We offer perks such as parental leave, diversity and inclusion working groups, and flexible working practices to allow our employees to show up as their whole selves. We are an equal-opportunity employer, and we do not discriminate on the basis of race, religion, color, national origin, gender, sexual orientation, age, marital status, veteran status, or disability status. If you have a disability or special need that requires accommodation, please do not hesitate to let us know.</span></p><p><span>#LI-AL1</span></p>",
    "main_category": "Engineering",
    "application_link": "https://empllo.com/jobs/view/sonatype-java-technical-support-engineer-2481450",
    "pub_date": 1742610520,
    "expiry_date": 1745202520,
    "company_name": "Sonatype",
    "company_logo": "https://empllo.com/cdn-cgi/image/format=auto,fit=contain/https://assets.empllo.com/vviynf4tdjwu8t8asvqozlnwomci",
    "job_type": "Full-Time",
    "work_model": "Remote",
    "seniority_level": "Mid",
    "min_salary": null,
    "max_salary": null,
    "locations": [
      "South America",
      "Colombia"
    ],
    "tags": [
      "communication",
      "community",
      "slack",
      "github",
      "Jenkins",
      "product development",
      "Growth",
      "Strategy",
      "Open Source",
      "Site Reliability",
      "Security",
      "Cloud",
      "Azure",
      "Cloud Infrastructure",
      "Groovy",
      "Java",
      "Business Operations",
      "Support",
      "Docker",
      "Robotics",
      "Ansible",
      "AppleScript",
      "Scripting",
      "PowerShell",
      "Technical Support",
      "Programming",
      "Sys Admin",
      "Linux",
      "BASH",
      "Ubuntu",
      "AWS",
      "Enterprise Software",
      "Product Strategy",
      "Telecom",
      "Networking",
      "PostgreSQL",
      "SQL",
      "Postgres",
      "Quality Assurance",
      "Testing",
      "QA",
      "Python",
      "Kubernetes",
      "GCP",
      "Google Cloud",
      "Deep Learning",
      "DBA",
      "AI",
      "CI/CD",
      "Apache",
      "Microsoft Azure",
      "Git",
      "Nginx"
    ]
  },
  {
    "title": "Senior Site Reliability Engineer",
    "description": "<p><span>Veeva Systems is a mission-driven organization and pioneer in industry cloud, helping life sciences companies bring therapies to patients faster. As one of the fastest-growing SaaS companies in history, we surpassed $2B in revenue in our last fiscal year with extensive growth potential ahead.</span></p><p><span>At the heart of Veeva are our values: Do the Right Thing, Customer Success, Employee Success, and Speed. We're not just any public company \u2013 we made history in 2021 by becoming a </span></p><a href=\"https://www.veeva.com/pbc/\" class=\"postings-link\"><span>public benefit corporation</span></a><span> (PBC), legally bound to balancing the interests of customers, employees, society, and investors.<p><span>As a </span></p>\n<a href=\"https://www.veeva.com/work-anywhere/\" class=\"postings-link\"><span>Work Anywhere</span></a><span> company, we support your flexibility to work from home or in the office, so you can thrive in your ideal environment.<p><span>Join us in </span></p>\n<a href=\"https://www.youtube.com/watch?v=TaPSP8cCSKY&amp;ab_channel=Forbes\" class=\"postings-link\"><span>transforming the life sciences industry</span></a><span>, committed to making a positive impact on its customers, employees, and communities.<p><b>The Role</b></p>\n<p><span>Veeva Company is seeking a talented Site Reliability Engineer to join our team in Israel.</span></p>\n<p><span>Our SRE team is responsible for the design, creation, and maintenance of a complete multi-on-prem and cloud applications,deployment and monitoring framework, working with all major cloud providers. (AWS/Azure/GCP).</span></p>\n<p><span>This is an amazing opportunity to work with a world-class technical team and to hold responsibility for designing, creating, and provisioning infrastructure as well as deploying and maintaining applications with a focus on infrastructure as code.</span></p>\n<p><span>We aim to adopt the best solutions to fulfill our requirements, and you will be encouraged to bring your ideas and new thinking.</span></p>\n<p><span>So, if you want to grow with us and work for a world leader company, Now it is the right time to join.</span></p> <p><strong>What You'll Do</strong></p> <p></p>\n<li>Site reliability engineer is what you get when you treat operations as if it\u2019s a software problem. Our mission is to protect, provide for, and progress the software and systems behind all of our Veeva services</li>\n<li>Ensure high uptime and reliability of Crossix\u2019s production environment, on-prem and cloud</li>\n<li>Take responsibility for managing the production environment, security, change management, deployment, architecture, and tools</li>\n<li>Lead technical calls with business partners to explain how our applications are architected, understand requirements, and handle production problems</li>\n<li>Perform root cause analysis for complex failures and offer modern solutions and tools</li>\n<li>Utilize Grafana to develop effective dashboards that provide key insights and system performance</li>\n<li>Analyze performance and stability issues and create in-house automation tooling</li>\n<li>Work closely with DevOps, R&amp;D, product, and integration managers to enable automated CI/CD methods</li>\n<li>Design, develop, and drive troubleshooting &amp; mitigation tools as part of driving self-healing agenda</li>\n<li>Constantly improve the technology stack, supporting the data growth</li>\n<li>Working in a data-driven company with cutting-edge environments that combine on-prem and cloud technologies</li> <p><strong>Requirements</strong></p> <p></p>\n<li>Bachelor\u2019s degree in computer science or related technical discipline</li>\n<li>5+ years of technical engineering experience with coding in languages including, but not limited to, Java, JavaScript, or Python OR equivalent experience</li>\n<li>5+ years of customer-facing experience, ability to present to security and compliance customer teams, proven communication skills</li>\n<li>Strong knowledge of shell scripting and one of the general-purpose languages such as Golang, Python, Bash, or NodeJS</li>\n<li>Experience in hands-on DevOps</li>\n<li>Experience with analyzing and improving the efficiency, scalability, and stability of various system resources</li>\n<li>Experience in Linux, as well as TCP/IP, HTTP, and other common network protocols</li>\n<li>Experience with public cloud environments (GCP/AZURE/AWS)</li>\n<li>Experience with Docker and Kubernetes</li>\n<li>Experience with \"Infrastructure as a code\" tools such as Ansible, Puppet, Terraform, Pulumi or similar</li>\n<li>Experience with observability tools such as Prometheus, Grafana, Thanos, OpenTelemtry, etc.</li>\n<li>Experience with CI/CD systems such as Jenkins and GitOps tools such as ArgoCD</li> <p><strong>Nice to Have</strong></p> <p></p>\n<li>Managing noSQL databases such as ElasticSearch, Redis, or similar</li>\n<li>Microservice design patterns and RESTful web services</li>\n<li>Experience working with BigData tools such as Spark, Trino, Airflow, etc.</li>\n<li>Understanding of application security in a cloud environment</li>\n<li>Excellent communication skills and a sense of ownership with a systematic problem-solving approach</li>  <p><strong>Additional Information</strong></p> <p></p>\n<p><span>Veeva\u2019s headquarters is located in the San Francisco Bay Area with offices in more than 15 countries around the world.</span></p>\n<p><span>As an equal opportunity employer, Veeva is committed to fostering a culture of inclusion and growing a diverse workforce. Diversity makes us stronger. It comes in many forms. Gender, race, ethnicity, religion, politics, sexual orientation, age, disability and life experience shape us all into unique individuals. We value people for the individuals they are and the contributions they can bring to our teams.</span></p>\n<p><span>If you need assistance or accommodation due to a disability or special need when applying for a role or in our recruitment process, please contact us at</span></p>\n<a href=\"mailto:talent_accommodations@veeva.com\" class=\"postings-link\"><span>talent_accommodations@veeva.com</span></a><span>.</span></span></span></span>",
    "main_category": "Engineering",
    "application_link": "https://empllo.com/jobs/view/veeva-senior-site-reliability-engineer-2472670",
    "pub_date": 1742496456,
    "expiry_date": 1745088456,
    "company_name": "Veeva",
    "company_logo": "https://empllo.com/cdn-cgi/image/format=auto,fit=contain/https://assets.empllo.com/mm5e5kcuvx8hdpcudzsn5jb5h6f1",
    "job_type": "Full-Time",
    "work_model": "On-site",
    "seniority_level": "Senior",
    "min_salary": null,
    "max_salary": null,
    "locations": [
      "Israel"
    ],
    "tags": [
      "communication",
      "slack",
      "risk management",
      "software architecture",
      "Jenkins",
      "Growth",
      "Strategy",
      "Customer Success",
      "Site Reliability",
      "Data",
      "Security",
      "Application Security",
      "Branding",
      "Node.js",
      "Golang",
      "Javascript",
      "Javascript",
      "jQuery",
      "Cloud",
      "Azure",
      "Cloud Infrastructure",
      "Java",
      "Business Operations",
      "Compliance",
      "Docker",
      "Robotics",
      "Ansible",
      "AppleScript",
      "Terraform",
      "Puppet",
      "Scripting",
      "PowerShell",
      "Technical Support",
      "Programming",
      "HR",
      "Sys Admin",
      "Linux",
      "BASH",
      "Ubuntu",
      "AWS",
      "SaaS",
      "R",
      "Telecom",
      "Networking",
      "MongoDB",
      "NoSQL",
      "Redis",
      "Grafana",
      "Prometheus",
      "Python",
      "Kubernetes",
      "GCP",
      "Google Cloud",
      "Change Management",
      "Laravel",
      "Meteor.js",
      "Frontend Development",
      "ES6",
      "Recruitment",
      "Big Data",
      "REST",
      "CI/CD",
      "Airflow",
      "Elasticsearch",
      "Microsoft Azure",
      "Infrastructure as Code",
      "Spark"
    ]
  },
  {
    "title": "Quality Engineering Architect",
    "description": "<p>Over 50,000 customers globally trust our end-to-end, cloud-driven networking solutions. They rely on our top-rated services and support to accelerate their digital transformation efforts and deliver unprecedented progress. With double-digit growth year over year, no provider is better positioned to deliver scalable outcomes than Extreme.</p><p>Inclusion is one of our core values and in our DNA. We are committed to fostering an inclusive workplace that embraces our differences and creates an atmosphere where all our employees thrive because of their differences, not in spite of them.</p><p>Become part of Something big with Extreme!  As a global networking leader, learn why there\u2019s no better time to join the Extreme team.</p><p><b>Quality Engineering Architect</b></p><p><i>As part of Extreme Network\u2019s Engineering team, this talented and highly motivated QE Architect will lead the design, implementation and maintenance of AI-driven, highly optimized software testing automation systems.</i></p><p><span>This position plays a key role in introducing efficiencies, reducing risk, and improving quality using modern automation technologies.</span></p><p><b>Position Information</b></p><p><span>\u00b7</span></p><span> <b>Job Title:</b><span> Quality Engineering Architect<p><span>\u00b7</span></p>\n<span> <b>Reporting:</b><span> Reports to the Chief Development Officer<p><span>\u00b7</span></p>\n<span> <b>Work Environment:</b><span> Hybrid work environment. Some travel will be required.<p><span>\u00b7</span></p>\n<span> <b>Location:</b><span> Remote<p><span>\u00b7</span></p>\n<span> <b>Employment Type</b><span>: Full-time<p><b>Responsibilities:</b></p>\n<p><span>Evaluate current processes and identify areas for improvement through automation</span></p>\n<p><span>Investigate and use AI-driven testing to enhance the automation process</span></p>\n<p><span>Design and implement frameworks and strategies for implementing automation across the business</span></p>\n<p><span>Measure the effectiveness of automation strategies and make necessary adjustments</span></p>\n<p><span>Collaborate with cross-functional teams to create best practices for automation processes</span></p>\n<p><span>Review and analyze system specifications and design automation systems to meet these needs</span></p>\n<p><span>Develop project plans for automation initiatives, including resources and budget estimations</span></p>\n<p><span>Create and maintain documentation of the automation processes tools and  how to use them</span></p>\n<p><span>Provide training and guidance to team members about the automation</span></p>\n<p><b></b></p>\n<p><b>Qualifications:</b></p>\n<p><span>Extensive work experience as an Automation Architect or similar role</span></p>\n<p><span>Hands-on experience with automated testing tools and methodologies, including AI-driven test automation</span></p>\n<p><span>Strong understanding of automation tools and software</span></p>\n<p><span>Understanding business process analysis and process improvement</span></p>\n<p><span>Excellent problem-solving skills and attention to detail</span></p>\n<p><span>Experience with programming languages such as  Java, Python, Go</span></p>\n<p><span>Knowledge of SQL databases and software development methodologies</span></p>\n<p><span>Excellent written and verbal communication skills</span></p>\n<p><span>BSc degree in Computer Science, Engineering or relevant field</span></p>\n<p><span></span></p>\n<p><span></span></p>  <p><strong>Additional Information</strong></p> <p></p>\n<p>Extreme Networks, Inc. (<a class=\"postings-link\" href=\"https://nam05.safelinks.protection.outlook.com/?url=https%3A%2F%2Ffinance.yahoo.com%2Fquote%2Fextr%2F&amp;data=02%7C01%7Cchammer%40extremenetworks.com%7Cdbc7d899951945c863a108d824d4cb96%7Cfc8c2bf6914d4c1fb35246a9adb87030%7C0%7C0%7C637299843663696685&amp;sdata=%2F%2BzuQYjmcX%2FJ1iSuwA4LMFuISmxjL3XkZwIi3QtHHFE%3D&amp;reserved=0\">EXTR</a>) creates effortless networking experiences that enable all of us to advance. We push the boundaries of technology leveraging the powers of machine learning, artificial intelligence, analytics, and automation. Over 50,000 customers globally trust our end-to-end, cloud-driven networking solutions and rely on our top-rated services and support to accelerate their digital transformation efforts and deliver progress like never before. For more information, visit Extreme's<a class=\"postings-link\" href=\"https://nam05.safelinks.protection.outlook.com/?url=https%3A%2F%2Fextremenetworks.com%2F&amp;data=02%7C01%7Cchammer%40extremenetworks.com%7Cdbc7d899951945c863a108d824d4cb96%7Cfc8c2bf6914d4c1fb35246a9adb87030%7C0%7C0%7C637299843663701676&amp;sdata=3FvuNDMO14RDVbIwlilc0w3DmgjHfR94FwvhculeraI%3D&amp;reserved=0\">website</a>or follow us on Twitter, LinkedIn, and Facebook.</p>\n<p><i>We encourage people from underrepresented groups to apply. Come Advance with us! In keeping with our values, no employee or applicant will face discrimination/harassment based on: race, color, ancestry, national origin, religion, age, gender, marital domestic partner status, sexual orientation, gender identity, disability status, or veteran status. Above and beyond discrimination/harassment based on \u201cprotected categories,\u201d Extreme Networks also strives to prevent other, subtler forms of inappropriate behavior (e.g., stereotyping) from ever gaining a foothold in our organization. Whether blatant or hidden, barriers to success have no place at Extreme Networks.</i></p></span></span></span></span></span></span></span></span></span></span>",
    "main_category": "Engineering",
    "application_link": "https://empllo.com/jobs/view/extreme-networks-quality-engineering-architect-2453278",
    "pub_date": 1742167105,
    "expiry_date": 1744759105,
    "company_name": "Extreme Networks",
    "company_logo": "https://empllo.com/cdn-cgi/image/format=auto,fit=contain/https://assets.empllo.com/pa9b38ane9crbr1uztqykcu4acli",
    "job_type": "Full-Time",
    "work_model": "Remote",
    "seniority_level": "Mid",
    "min_salary": null,
    "max_salary": null,
    "locations": [
      "United States",
      "North America"
    ],
    "tags": [
      "communication",
      "slack",
      "risk management",
      "documentation",
      "technical writing",
      "Growth",
      "Strategy",
      "Analytics",
      "Data",
      "Branding",
      "Golang",
      "NLP",
      "Cloud",
      "Java",
      "Travel",
      "Business Operations",
      "Robotics",
      "Ansible",
      "AppleScript",
      "PowerShell",
      "Programming",
      "Telecom",
      "Networking",
      "SQL",
      "Quality Assurance",
      "Testing",
      "QA",
      "Test Automation",
      "Risk",
      "Python",
      "Process Improvement",
      "Deep Learning",
      "Computer Vision",
      "Tensorflow",
      "Tensorflow",
      "PyTorch",
      "Machine Learning",
      "Onboarding",
      "DBA",
      "Implementation",
      "Automated Testing",
      "AI",
      "Scheme",
      "Lisp",
      "Microsoft Office"
    ]
  },
  {
    "title": "Enterprise Solutions Engineer",
    "description": "<p><span>At Zoox, we are redefining mobility with our fully autonomous, electric vehicles, designed for safety, efficiency, and sustainability. To support our groundbreaking technology, we are seeking an Enterprise Solutions Engineer to play a critical role in designing and managing IT infrastructure and enterprise applications that power our autonomous vehicle ecosystem.</span></p><p><span>As an Enterprise Solutions Engineer you will be responsible for the design, management, and optimization of IT infrastructure and enterprise applications both on-premise and cloud-based systems, ensuring application reliability, and optimizing performance. </span></p><p><span>This role is ideal for someone with strong systems expertise, application management experience, troubleshooting skills, and automation expertise. You will collaborate across IT, product engineering, software engineering, manufacturing and security teams to ensure the seamless operation of critical systems and applications.</span></p> <p><strong>In this role, you will: </strong></p> <p></p><li>\n<b>Infrastructure &amp; Systems Management: </b>Deploy, configure, and maintain enterprise solutions on IT infrastructure, servers, networks, and cloud services (AWS and on premise). Optimize Linux and Windows environments for performance, security, and scalability. Implement high-availability and disaster recovery solutions to ensure system and application uptime.</li><li>\n<b>Application Management &amp; Optimization: </b>Create, manage, monitor, and optimize enterprise applications, development tools, and internal services. Troubleshoot and resolve system and application performance issues. Develop tools &amp; processes to improve application lifecycle management, release processes, and incident response. Ensure seamless integrations between applications, APIs, and infrastructure components.</li><li>\n<b>Monitoring, Troubleshooting &amp; Performance Tuning: </b>Implement and maintain system and application monitoring tools. Develop and refine logging and observability strategies to detect issues proactively. Troubleshoot system, network, and application failures, performing root cause analysis (RCA) and implementing fixes. Optimize cloud resources and on-premise systems for cost-efficiency and performance.</li> <p><strong>Qualifications:</strong></p> <p></p><li>Strong troubleshooting skills in both infrastructure and application layers</li><li>Proficiency in scripting (Python, Bash, PowerShell, or Go)</li><li>Strong Linux and Windows system administration experience</li><li>Hands-on experience with enterprise application management and troubleshooting systems and application performance issues</li><li>Understanding of networking concepts (TCP/IP, DNS, DHCP, VPNs, Firewalls, Load Balancers)</li> <p><strong>Bonus Qualifications: </strong></p> <p></p><li>Certifications: AWS Certified SysOps Administrator, MCSE, CKA, etc.</li><li>Experience with containerization and orchestration (Docker, Kubernetes, Helm)</li><li>Familiarity with application lifecycle management and DevOps best practices</li><li>Knowledge of database performance tuning (PostgreSQL, MySQL, NoSQL)</li><li>Understanding of distributed systems and microservices architecture</li>  <p><strong>Additional Information</strong></p> <p></p><p>Compensation</p><p>There are three major components to compensation for this position: pay, Amazon Restricted Stock Units (RSUs), and Zoox Stock Appreciation Rights. The pay range for this position is $200,000 to $250,000. A sign-on bonus may be offered as part of the compensation package. Compensation will vary based on geographic location and level. Leveling, as well as positioning within a level, is determined by a range of factors, including, but not limited to, a candidate's relevant years of experience, domain knowledge, and interview performance. The pay range listed in this posting is representative of the range of levels Zoox is considering for this position.</p><p>Zoox also offers a comprehensive package of benefits including paid time off (e.g. sick leave, vacation, bereavement), unpaid time off, Zoox Stock Appreciation Rights, Amazon RSUs, health insurance, long-term care insurance, long-term and short-term disability insurance, and life insurance.</p>",
    "main_category": "Engineering",
    "application_link": "https://empllo.com/jobs/view/zoox-enterprise-solutions-engineer-2430882",
    "pub_date": 1741856053,
    "expiry_date": 1744448053,
    "company_name": "Zoox",
    "company_logo": "https://empllo.com/cdn-cgi/image/format=auto,fit=contain/https://assets.empllo.com/ii6fn387tfk2jymd2g0521k1sy9n",
    "job_type": "Full-Time",
    "work_model": "Hybrid",
    "seniority_level": "Mid",
    "min_salary": 200000,
    "max_salary": 250000,
    "locations": [
      "United States",
      "North America"
    ],
    "tags": [
      "software architecture",
      "Site Reliability",
      "Security",
      "Branding",
      "Golang",
      "Product Engineering",
      "Cloud",
      "Cloud Infrastructure",
      "Travel",
      "Docker",
      "Robotics",
      "Ansible",
      "AppleScript",
      "Helm",
      "Scripting",
      "PowerShell",
      "Technical Support",
      "Sys Admin",
      "Linux",
      "BASH",
      "Ubuntu",
      "AWS",
      "Windows",
      "Telecom",
      "Networking",
      "PostgreSQL",
      "MongoDB",
      "SQL",
      "NoSQL",
      "MySQL",
      "Postgres",
      "Database",
      "Grafana",
      "Python",
      "Kubernetes",
      "Insurance",
      "Microservices",
      "Distributed Systems",
      "Admin"
    ]
  }
]